KB44	NIKHIL UPRETI	NIKHIL UPRETI	DHUMBARAHI KATHMANDU	nikhil@gmail.com	9865321475	4CI018	BIT	4	1
KB45	ROMAN GHANSYAM	ROMAN GHANSYAM	MANDIKHATAR KATHMANDU	roman@gmail.com	9876459860	4CS001	BIT	4	1
KB46	RAJESH HAMAL	RAJESH HAMAL	BAOUDHA KATHMANDU	rajeshdai@gmail.com	9845678903	5CS019	BIT	5	1
KB47	PRAKASH KHADKA	PRAKASH KHADKA	SWAYAMBHU KATHMANDU	prakash@gmail.com	987986789	5CS037	BIT	5	1
KB47	PRAKASH KHADKA	PRAKASH KHADKA	SWAYAMBHU KATHMANDU	prakash@gmail.com	987986789	4CS001	BIT	4	1
KB48	GOOGLE YAHOO	GOOGLE YAHOO	HONGKONG, CHINA	google@hotmail.com	981273987	4CS001	BIT	4	1
KB49	BRUCE LEE	BRUCE LEE	KAPAN	gogo@gmail.com	124231423	4BE002	BIBM	4	1
NP09	RUKESH SHRESTHA	RUKESH SHRESTHA	DHALKU KTM	rukesh@gmail.com	988768786	4CI018	BIT	4	1
RM1	ROHAN MAINALE	ROHAN MAINALE	MAINALIPUL, MANDIKHATAR	mainali@gmail.com	583795875	4MM013	BIT	4	2
KB76	RAHUL GANDHI	RAHUL GANDHI	MAHARASTRA INDIA	rahulgandhi@gmail.com	876432123	4MM013	BIT	4	2
KB771	RITA KANDEL	RITA KANDEL	MAHANKAL KTM	rita@pita.com	8768768	6BU020	BIBM	6	2
